<?xml version="1.0" encoding="UTF-8"?>
<CurrentBookings>
    <Lodge number="1">
        <Availability>
            Yes
        </Availability>
        <MaxCapacity>
            4
        </MaxCapacity>
        <NightlyRate>
            $150.00
        </NightlyRate>
        <CheckInTime>
            3:00pm
        </CheckInTime>
        <CheckOutTime>
            10:00am
        </CheckOutTime>
        <ImageX>
            20
        </ImageX>
        <ImageY>
            100
        </ImageY>
        <ImageWidth>
            100
        </ImageWidth>
        <ImageHeight>
            100
        </ImageHeight>
    </Lodge>
    <Lodge number="2">
        <Availablity>
            Yes
        </Availablity>
        <MaxCapacity>
            4
        </MaxCapacity>
        <NightlyRate>
            $150.00
        </NightlyRate>
        <CheckInTime>
            3:00pm
        </CheckInTime>
        <CheckOutTime>
            10:00am
        </CheckOutTime>
        <ImageX>
            20
        </ImageX>
        <ImageY>
            220
        </ImageY>
        <ImageWidth>
            100
        </ImageWidth>
        <ImageHeight>
            100
        </ImageHeight>
    </Lodge>
    <Lodge number="3">
        <Availability>
            Yes
        </Availability>
        <MaxCapacity>
            4
        </MaxCapacity>
        <NightlyRate>
            $150.00
        </NightlyRate>
        <CheckInTime>
            3:00pm
        </CheckInTime>
        <CheckOutTime>
            10:00am
        </CheckOutTime>
        <ImageX>
            20
        </ImageX>
        <ImageY>
            340
        </ImageY>
        <ImageWidth>
            100
        </ImageWidth>
        <ImageHeight>
            100
        </ImageHeight>
    </Lodge>
    <Lodge number="4">
        <Availability>
            Yes
        </Availability>
        <MaxCapacity>
            4
        </MaxCapacity>
        <NightlyRate>
            $150.00
        </NightlyRate>
        <CheckInTime>
            3:00pm
        </CheckInTime>
        <CheckOutTime>
            10:00am
        </CheckOutTime>
        <ImageX>
            20
        </ImageX>
        <ImageY>
            460
        </ImageY>
        <ImageWidth>
            100
        </ImageWidth>
        <ImageHeight>
            100
        </ImageHeight>
    </Lodge>
    <Lodge number="5">
        <Availability>
            Yes
        </Availability>
        <MaxCapacity>
            4
        </MaxCapacity>
        <NightlyRate>
            $150.00
        </NightlyRate>
        <CheckInTime>
            3:00pm
        </CheckInTime>
        <CheckOutTime>
            10:00am
        </CheckOutTime>
        <ImageX>
            20
        </ImageX>
        <ImageY>
            580
        </ImageY>
        <ImageWidth>
            100
        </ImageWidth>
        <ImageHeight>
            100
        </ImageHeight>
    </Lodge>
    <Lodge number="6">
        <Availability>
            No
        </Availability>
        <MaxCapacity>
            6
        </MaxCapacity>
        <NightlyRate>
            $225.00
        </NightlyRate>
        <CheckInTime>
            3:00pm
        </CheckInTime>
        <CheckOutTime>
            10:00am
        </CheckOutTime>
        <ImageX>
            240
        </ImageX>
        <ImageY>
            540
        </ImageY>
        <ImageWidth>
            100
        </ImageWidth>
        <ImageHeight>
            150
        </ImageHeight>
    </Lodge>
    <Lodge number="7">
        <Availability>
            Yes
        </Availability>
        <MaxCapacity>
            6
        </MaxCapacity>
        <NightlyRate>
            $225.00
        </NightlyRate>
        <CheckInTime>
            3:00pm
        </CheckInTime>
        <CheckOutTime>
            10:00am
        </CheckOutTime>
        <ImageX>
            360
        </ImageX>
        <ImageY>
            540
        </ImageY>
        <ImageWidth>
            100
        </ImageWidth>
        <ImageHeight>
            150
        </ImageHeight>
    </Lodge>
    <Lodge number="8">
        <Availability>
            Yes
        </Availability>
        <MaxCapacity>
            8
        </MaxCapacity>
        <NightlyRate>
            $300.00
        </NightlyRate>
        <CheckInTime>
            3:00pm
        </CheckInTime>
        <CheckOutTime>
            10:00am
        </CheckOutTime>
        <ImageX>
            580
        </ImageX>
        <ImageY>
            450
        </ImageY>
        <ImageWidth>
            100
        </ImageWidth>
        <ImageHeight>
            200
        </ImageHeight>
    </Lodge>
    <Lodge number="9">
        <Availability>
            Yes
        </Availability>
        <MaxCapacity>
            2
        </MaxCapacity>
        <NightlyRate>
            $75.00
        </NightlyRate>
        <CheckInTime>
            3:00pm
        </CheckInTime>
        <CheckOutTime>
            10:00am
        </CheckOutTime>
        <ImageX>
            580
        </ImageX>
        <ImageY>
            380
        </ImageY>
        <ImageWidth>
            100
        </ImageWidth>
        <ImageHeight>
            50
        </ImageHeight>
    </Lodge>
    <Lodge number="10">
        <Availability>
            Yes
        </Availability>
        <MaxCapacity>
            2
        </MaxCapacity>
        <NightlyRate>
            $75.00
        </NightlyRate>
        <CheckInTime>
            3:00pm
        </CheckInTime>
        <CheckOutTime>
            10:00am
        </CheckOutTime>
        <ImageX>
            580
        </ImageX>
        <ImageY>
            310
        </ImageY>
        <ImageWidth>
            100
        </ImageWidth>
        <ImageHeight>
            50
        </ImageHeight>
    </Lodge>
    <Lodge number="11">
        <Availability>
            No
        </Availability>
        <MaxCapacity>
            2
        </MaxCapacity>
        <NightlyRate>
            $75.00
        </NightlyRate>
        <CheckInTime>
            3:00pm
        </CheckInTime>
        <CheckOutTime>
            10:00am
        </CheckOutTime>
        <ImageX>
            580
        </ImageX>
        <ImageY>
            240
        </ImageY>
        <ImageWidth>
            100
        </ImageWidth>
        <ImageHeight>
            50
        </ImageHeight>
    </Lodge>
    <Lodge number="12">
        <Availability>
            Yes
        </Availability>
        <MaxCapacity>
            2
        </MaxCapacity>
        <NightlyRate>
            $75.00
        </NightlyRate>
        <CheckInTime>
            3:00pm
        </CheckInTime>
        <CheckOutTime>
            10:00am
        </CheckOutTime>
        <ImageX>
            580
        </ImageX>
        <ImageY>
            170
        </ImageY>
        <ImageWidth>
            100
        </ImageWidth>
        <ImageHeight>
            50
        </ImageHeight>
    </Lodge>
    <Lodge number="13">
        <Availability>
            No
        </Availability>
        <MaxCapacity>
            2
        </MaxCapacity>
        <NightlyRate>
            $75.00
        </NightlyRate>
        <CheckInTime>
            3:00pm
        </CheckInTime>
        <CheckOutTime>
            10:00am
        </CheckOutTime>
        <ImageX>
            580
        </ImageX>
        <ImageY>
            100
        </ImageY>
        <ImageWidth>
            50
        </ImageWidth>
        <ImageHeight>
            100
        </ImageHeight>
    </Lodge>
</CurrentBookings>