<?xml version="1.0" encoding="UTF-8"?>
<?xml-stylesheet type="text/css" href="Css/style.css"?>
<Buildings>
    <Lodge>
        <Name>1</Name>
        <MaxCapacity>4</MaxCapacity>
        <NightlyRate>150</NightlyRate>
        <CheckInTime>3:00pm</CheckInTime>
        <CheckOutTime>10:00am</CheckOutTime>
        <Image>lodgeCapacity4.jpg</Image>
        <ImageX>20</ImageX>
        <ImageY>100</ImageY>
        <ImageWidth>100</ImageWidth>
        <ImageHeight>100</ImageHeight>
    </Lodge>
    <Lodge>
        <Name>2</Name>
        <MaxCapacity>4</MaxCapacity>
        <NightlyRate>150</NightlyRate>
        <CheckInTime>3:00pm</CheckInTime>
        <CheckOutTime>10:00am</CheckOutTime>
        <Image>lodgeCapacity4.jpg</Image>
        <ImageX>20</ImageX>
        <ImageY>220</ImageY>
        <ImageWidth>100</ImageWidth>
        <ImageHeight>100</ImageHeight>
    </Lodge>
    <Lodge>
        <Name>3</Name>
        <MaxCapacity>4</MaxCapacity>
        <NightlyRate>150</NightlyRate>
        <CheckInTime>3:00pm</CheckInTime>
        <CheckOutTime>10:00am</CheckOutTime>
        <Image>lodgeCapacity4.jpg</Image>
        <ImageX>20</ImageX>
        <ImageY>340</ImageY>
        <ImageWidth>100</ImageWidth>
        <ImageHeight>100</ImageHeight>
    </Lodge>
    <Lodge>
        <Name>4</Name>
        <MaxCapacity>4</MaxCapacity>
        <NightlyRate>150</NightlyRate>
        <CheckInTime>3:00pm</CheckInTime>
        <CheckOutTime>10:00am</CheckOutTime>
        <Image>lodgeCapacity4.jpg</Image>
        <ImageX>20</ImageX>
        <ImageY>460</ImageY>
        <ImageWidth>100</ImageWidth>
        <ImageHeight>100</ImageHeight>
    </Lodge>
    <Lodge>
        <Name>5</Name>
        <MaxCapacity>4</MaxCapacity>
        <NightlyRate>150</NightlyRate>
        <CheckInTime>3:00pm</CheckInTime>
        <CheckOutTime>10:00am</CheckOutTime>
        <Image>lodgeCapacity4.jpg</Image>
        <ImageX>20</ImageX>
        <ImageY>580</ImageY>
        <ImageWidth>100</ImageWidth>
        <ImageHeight>100</ImageHeight>
    </Lodge>
    <Lodge>
        <Name>6</Name>
        <MaxCapacity>6</MaxCapacity>
        <NightlyRate>225</NightlyRate>
        <CheckInTime>3:00pm</CheckInTime>
        <CheckOutTime>10:00am</CheckOutTime>
        <Image>lodgeCapacity6.jpg</Image>
        <ImageX>240</ImageX>
        <ImageY>540</ImageY>
        <ImageWidth>100</ImageWidth>
        <ImageHeight>150</ImageHeight>
    </Lodge>
    <Lodge>
        <Name>7</Name>
        <MaxCapacity>6</MaxCapacity>
        <NightlyRate>225</NightlyRate>
        <CheckInTime>3:00pm</CheckInTime>
        <CheckOutTime>10:00am</CheckOutTime>
        <Image>lodgeCapacity6.jpg</Image>
        <ImageX>360</ImageX>
        <ImageY>540</ImageY>
        <ImageWidth>100</ImageWidth>
        <ImageHeight>150</ImageHeight>
    </Lodge>
    <Lodge>
        <Name>8</Name>
        <MaxCapacity>8</MaxCapacity>
        <NightlyRate>300</NightlyRate>
        <CheckInTime>3:00pm</CheckInTime>
        <CheckOutTime>10:00am</CheckOutTime>
        <Image>lodgeCapacity8.jpg</Image>
        <ImageX>580</ImageX>
        <ImageY>450</ImageY>
        <ImageWidth>100</ImageWidth>
        <ImageHeight>200</ImageHeight>
    </Lodge>
    <Lodge>
        <Name>9</Name>
        <MaxCapacity>2</MaxCapacity>
        <NightlyRate>75</NightlyRate>
        <CheckInTime>3:00pm</CheckInTime>
        <CheckOutTime>10:00am</CheckOutTime>
        <Image>lodgeCapacity2.jpg</Image>
        <ImageX>580</ImageX>
        <ImageY>380</ImageY>
        <ImageWidth>100</ImageWidth>
        <ImageHeight>50</ImageHeight>
    </Lodge>
    <Lodge>
        <Name>10</Name>
        <MaxCapacity>2</MaxCapacity>
        <NightlyRate>75</NightlyRate>
        <CheckInTime>3:00pm</CheckInTime>
        <CheckOutTime>10:00am</CheckOutTime>
        <Image>lodgeCapacity2.jpg</Image>
        <ImageX>580</ImageX>
        <ImageY>310</ImageY>
        <ImageWidth>100</ImageWidth>
        <ImageHeight>50</ImageHeight>
    </Lodge>
    <Lodge>
        <Name>11</Name>
        <MaxCapacity>2</MaxCapacity>
        <NightlyRate>75</NightlyRate>
        <CheckInTime>3:00pm</CheckInTime>
        <CheckOutTime>10:00am</CheckOutTime>
        <Image>lodgeCapacity2.jpg</Image>
        <ImageX>580</ImageX>
        <ImageY>240</ImageY>
        <ImageWidth>100</ImageWidth>
        <ImageHeight>50</ImageHeight>
    </Lodge>
    <Lodge>
        <Name>12</Name>
        <MaxCapacity>2</MaxCapacity>
        <NightlyRate>75</NightlyRate>
        <CheckInTime>3:00pm</CheckInTime>
        <CheckOutTime>10:00am</CheckOutTime>
        <Image>lodgeCapacity2.jpg</Image>
        <ImageX>580</ImageX>
        <ImageY>170</ImageY>
        <ImageWidth>100</ImageWidth>
        <ImageHeight>50</ImageHeight>
    </Lodge>
    <Lodge>
        <Name>13</Name>
        <MaxCapacity>2</MaxCapacity>
        <NightlyRate>75</NightlyRate>
        <CheckInTime>3:00pm</CheckInTime>
        <CheckOutTime>10:00am</CheckOutTime>
        <Image>lodgeCapacity2.jpg</Image>
        <ImageX>580</ImageX>
        <ImageY>100</ImageY>
        <ImageWidth>100</ImageWidth>
        <ImageHeight>50</ImageHeight>
    </Lodge>
</Buildings>